Standard_ID,True_Label,Macrel_Prob,AMP-Scanner-v2_Prob,amPEPpy_Prob,AMPlify_Prob
AAEFPDFYDSEEQMGPHQEAEDEKDRADQRVLTEEEKKELENLAAMDLEL,1,0.188,0.0249,0.5682291666666666,0.68370426
AAKFKAPALMKRTVSQECCLDTRCAGKNLDECG,1,0.287,0.0316,0.5073958333333333,3.09e-05
AANAKLSERLDPCCRDPPCASTHTDICTRRR,1,0.356,0.1526,0.4706249999999999,4.319e-05
AAVALLPAVLLALLAVTDQLGEDFFAVDLEAFLQEFGLLPEKE,1,0.079,0.0002,0.4982142857142858,0.12382714
ACGQFWWKCGEGKPPCCANFACKIGLYLCIWSP,1,0.485,1.0,0.8359375,0.00878447
ADDYDDEVLPDARGHRPIDRKREELPSLRPAPPPISGGGYR,1,0.01,0.0776,0.2390625,0.20862408
ADEPLWLYKGDNIERAPTTADHPILPSIIDDVKLDPNRRYA,1,0.059,0.1248,0.7135416666666666,0.7944843
ADNKRPIWVMGGMVNSLAQIKEFVGLGLDNSEKDNKWYKQ,1,0.03,0.0097,0.1754464285714286,0.37423933
ADPRVVVDLRFFGKSDIVEENRVTFGPNPK,1,0.069,0.0002,0.5364583333333333,0.00160105
ADSRKPDDRYDMSGNDALGDVKLATYEDNPWETFK,1,0.01,0.0015,0.4411458333333334,0.02735988
AEDRKSLSGLTEQEAQEFGTLYTQGVAFVAVIAVVAHALVWAWRPWLQ,0,0.0,0.9793,0.1583333333333333,0.40245
AERIYRCLDHSHCPTFMCSPGLKPKCMNPKVCKCVPVQSRKYYALT,1,0.178,0.9988,0.840625,0.6433883
AERLIGTSTKEFDESIRHTLVLRSLQDAYKDRQR,1,0.198,0.0007,0.5817708333333333,0.07337865
AEVLTSEQAEELHKHVIDGTRVFLVIAAIAHFLAFTLTPWLH,0,0.01,0.0383,0.4994791666666667,0.02686181
AFAGWIKCKVDEDCPNVFTYSYYKCVNELCEIFLREIPKKPYM,1,0.079,0.9289,0.6429166666666666,0.12157945
AFAPSKVDSDRPNCSRYVQHLYMCTKELDPVCGTDGHTYGNRSIF,0,0.089,0.0401,0.8203125,0.424762
AFGTILKALAKIAAKVVKKLATKPGATYMLKQNLQ,1,0.099,1.0,0.3822916666666667,0.99980175
AIHCNDVNDCPPDISDPFVRCESNRCIYSRLEPPFGC,1,0.149,0.0722,0.7135416666666667,0.3475473
AINNALNKVCSTGRRQRSICKQLLKKLRQQ,1,0.406,0.9998,0.6891666666666667,0.89901626
ALSCGTVNSLNAACIGYLTQNAPLARGCCTGVTNLNNMATTP,1,0.386,0.8328,0.7266666666666667,0.8738055
ALTKKFKKKLLKSLKRLGSDDPKESEGELRCVCVKTTSKV,1,0.416,0.9999,0.7857638888888889,0.7744087
ALWFTMLKKLGTMALHAGKAALGAAANTISQGT,1,0.891,1.0,0.5826041666666667,0.9941038
AMDKSAKAPQITIFDHRGCSRAPKSETGGTATKDDQMMVKVSQV,0,0.03,0.008,0.69375,0.79509515
ANIKLSVQMKLFKRHLKWKIIVKLNDGRELSLDA,1,0.366,0.0223,0.6491666666666667,0.55445856
ANLGNYTSQCYSSQCYSSKCYSDSCYSSNCYTGRHMCGYTHGYSC,1,0.376,0.9999,0.6630208333333333,0.9675524
APCACPCKACPCAAPCAACPCKACPCAAPCACPC,1,0.337,1.0,0.7640625000000001,0.322544
APLGWDLPESRSRASKIRVHPRGNLWATGHFM,1,0.139,0.0288,0.6693749999999999,0.18370238
APPGRSDVYPPPLGSEHNGQVAEDAVSRPKDDSVPEVRAA,1,0.059,0.0015,0.5489583333333333,0.3156413
APVTAGRGGALAKMYTRGNHWAVGHLM,1,0.535,0.9992,0.5027083333333333,0.0900517
AQEPVKGPVSTKPGSCPIILIRCAMLNPPNRCLKDTDCPGIKKCCEGSCG,1,0.327,0.9999,0.7453125,0.9874388
AQLADSFHLQQFFRSQLLGSAHEVQRLAQFVEHWKKVEDLFLTFAK,0,0.0,0.0065,0.6208333333333333,0.19532964
AQNVIAPNTLSNSIRMLGSQSPLIQAYG,1,0.248,0.0011,0.6054166666666667,0.00038219
AREPSNATQLDGPARALLLRLVQLAGTRESVDSAKPRVY,1,0.01,0.0078,0.5018750000000001,0.00517941
ARERMDEEELEAFYNCVRIIVKNKHLLKSDVRNVYEEQLD,0,0.05,0.0001,0.5654017857142858,0.01012996
ARRRHSMKKKRKSVRRRKTRKNQRKRKNSLGRSFKQHGFLKQPPRFRP,0,0.0,0.9996,0.3739583333333333,0.84168166
ARTINAQQAELDSALLAAAGFGNTTADVFDRG,1,0.109,0.0016,0.4796875,0.00019105
ARTQPGNIAPVGDFTLYPNAPRQGHIVA,1,0.059,0.003,0.36875,0.01611144
ASDVTLNSFAEDVTVGECCDCVDLTTVY,1,0.02,0.0,0.1614583333333333,0.00022376
ASRKCRAKFKQLLQHYREVAAAKSSENDRLRLLLKQMCPSLDVDS,1,0.05,0.0027,0.64375,0.90866846
ATIEVRNNCPYTVWAASTPIGGGRRLDRGQTWVINAPRGT,1,0.376,0.9574,0.8490624999999999,0.8091676
ATITFTNKCTRTVWPGTLTGDQKPQLSKTGFELASGVSTRGAAPPATLIE,1,0.109,0.9976,0.7620833333333333,0.7745144
ATNNKATDLMALTVRGCCDDPSCRAENPFLCSWMG,1,0.04,0.9109,0.5107291666666667,0.00016762
ATTGCSCPQCIIFDPICASSYKNGRRGFSSGCHMRCYNRCHGTDYFQISK,1,0.545,0.9988,0.6447916666666667,0.8189789
ATYDGKCYKKDNICKYKAQSGKTAICKCYVKVCPRDGAKCEFDSYKGKCY,1,0.644,1.0,0.8627083333333333,0.9996082
AVGIGALFLGFLGAAGSTMGARSMTLTVQARQL,1,0.337,0.3586,0.7770833333333333,0.18899707
AVSEHQLLHDKGKSIQDLRRRFFLHHLIAEIHTAEI,1,0.228,0.0035,0.6426041666666666,0.04947402
AVYVASPYAAGYGYGYAYPYAAAAYRAAPVVGAYAAYPYGVATYPYYY,0,0.01,0.6293,0.7765625,0.03767574
CADGGDLCDPSSDNCCSECIDEGGSGVCAIVADVV,1,0.208,0.0115,0.524375,1.69e-06
CAKHSETCKNGNCCTCTQYRGKDEPMACRRGTHGQRCQCVMKIMKH,1,0.644,1.0,0.73125,0.80867493
CAKKRNWCGKTEDCCCPMKCVYAWYNEQGSCQSTISALWKKC,1,0.782,1.0,0.7875,3.74e-06
CATCQIADSQHRSHRQMV,1,0.257,0.0162,0.3520833333333333,0.60820115
CETWRTETTGATGQASSLLSGRLLEQKAASCHNSYIVLCIENSFMTSFSK,1,0.168,0.0101,0.59375,0.89188594
CGDINAACKEDCDCCGYTTACDCYWSSSCKCREAAIVIYTAPKKKLTC,1,0.277,0.9999,0.8041666666666668,0.19430034
CGGKDCERRFSRSDQLKRHQRRHTGVKPFQ,1,0.356,0.2951,0.5905208333333333,0.19960764
CGNLSTCMLGTYTQDLNKFHTFPQTSIGVGAP,1,0.317,0.7174,0.536875,0.00363635
CKGQSCSSCSTKEFCLSKGSRLMYDCCTGSCCGVKTAGVT,1,0.554,0.9997,0.75,0.4951932
CKITRCPMIPCYISSPDECLWMDWVTEKNINGHQAKFFACIKRSDGSC,1,0.149,0.6164,0.63125,0.79291093
CLLIILRRRIRKQAHAHSKNHQQQNPHQPPM,1,0.614,0.673,0.5916666666666667,0.8176543
CQRANFVCDAFHHAAVCCEGVCVLVCAW,1,0.228,1.0,0.6216666666666667,0.5458232
CSCSSLMDKECVYFCHLDIIWVNTPEHVVPYGLGSPRS,1,0.03,0.0358,0.48125,0.79902345
CSYPSKLCNNHRANVNQQRMQQKLIRQQMVER,0,0.158,0.4239,0.4695833333333333,0.19056287
CTPAGDACDATTECCILFCNLATKECQVPAFP,1,0.109,0.7462,0.46875,0.00056702
CTSEGYSCSSDSNCCKNVCCWNVCESHCRHPGKR,1,0.436,0.9997,0.525625,0.00062791
DAADVKPVARQNEGPGRDPAPCCQHPIETCC,1,0.149,0.0142,0.6254166666666666,0.35539556
DAATARGRGRSAASRPTERPRAPARSASRPRRPVD,1,0.307,0.0359,0.425,0.64927876
DADSSIEKQVALLKALYGHGQLSHKRHKTDSFVGLM,1,0.079,0.0048,0.6561458333333333,0.05803516
DAECEICKFVIQQVEAFIESNHSQAEIQKELNKLCSSVPSITQTCLSIAR,1,0.069,0.5676,0.790625,0.99465805
DAEEDDSLANSSDLLKELLETGDNRERSHHQDGSDNEEEVS,1,0.059,0.0009,0.49375,0.16350424
DAELPKLPDDKVLIRSRSNCPKGKVWNGFDCKSPFAFSKK,1,0.261,0.9439,0.7697916666666667,0.82026726
DAENLMDSFQEIVKEVGQLAETQHFECTMHQPRSPLQDLKGALESLIEE,1,0.01,0.0095,0.6927083333333333,0.9359093
DCGTIWHYCGTDQSECCEGWKCSRQLCKYVIDW,1,0.257,0.9997,0.6202380952380951,0.00592322
DCKHQNDSCAEEGEECCSDLRCMTSGAGAICVT,1,0.109,0.5316,0.5994791666666666,1.095e-05
DCLPDWFHYEGHCYRVFDEPKKWADAEKFC,1,0.02,0.54,0.6088541666666666,0.00322916
DCPTRCPTTCANGWECCKGYPCVNKACSGCTHGK,1,0.515,1.0,0.8979166666666668,0.00055446
DCQALWDYCPVPLLSSGDCCYGLICGPFVCIGW,1,0.129,0.999,0.5827380952380952,0.00562435
DDCTTYCYGVHCCPPAFKCAASPSCKQT,1,0.366,1.0,0.5697916666666666,0.02445806
DDVAARLRAAGFGAVGAGATAEETRRMLHRAFDTLA,1,0.287,0.0006,0.7239583333333334,0.22500627
DEEVGCFPNVCKNDGNCSIETSTGMTRCQCLEGYTGHVCENPL,0,0.03,0.958,0.6302083333333333,0.76024926
DENENLYGPNENKAKAKDLTAGASYLTKEAGCTKLQAGCTMYQAYN,1,0.149,0.816,0.68125,0.9462646
DFTPVCTTELGRLAPEFAKRVVFIFGPDKKLKLSILYPATTGRNFDEILR,1,0.0,0.9969,0.784375,0.80678064
DIPEVVVSLAWDESLAPKHPGSRKNMDCYCRIPACIAGERRYGTCIYQGR,1,0.02,0.8673,0.8453125,0.7695309
DIQIPGIKKPTHRDIIIPNWNPNVRTQPWQRFGGNK,1,0.347,0.9759,0.9125,0.9006344
DKEGTLDFLECGSPHSAVPRWVFSLSCVPRCLGQENGGV,1,0.109,0.0071,0.771875,0.30733714
DLIWKLLSKAQEKFGKNKSRKRSKNKGFKEQAKSLLKWILD,1,0.119,1.0,0.6875,0.9998191
DMKIGVSMSQFDDTHLTYLQQSMDEKAKSYPDGVVLL,0,0.0,0.0031,0.5931249999999999,0.30275965
DNSEMLAPPPRPEEFTSAQQLRQYLAALNEYYSIMGRPRF,1,0.04,0.0075,0.7031250000000001,0.48308784
DPFFKVPVNKLAAAVSNFGYDLYRVRSSTSPTTN,1,0.208,0.0309,0.7397596153846153,0.926111
DPTCSVLGDFKCNPGRCCSKINYCGACYQWRFGLTPAR,1,0.762,0.9999,0.8380208333333334,0.5925013
DQGTACTGEHAHSFCLNGGTCRHIQQLGE,1,0.317,0.9925,0.3603125,0.14652798
DQQIKQYKRLLDRLIIPLYDGLRQKDVIVSNQESN,1,0.059,0.001,0.6145833333333333,0.0764796
DRCIWPKEGFSIYWNIPTHFCHNFGVYFKEL,0,0.089,0.9995,0.2114583333333333,0.0456885
DRDSCVDKSKCGKYGYYGQCDECCKKAGDRAGICEYYKCKCNP,0,0.406,1.0,0.7770833333333333,0.00220461
DSAAMHTEYDVIATDNCIPCSHPACGINRGKC,1,0.139,0.0214,0.6438541666666666,0.20023175
DSDCKDKLPACGEYRGSFCKLEKVKSNCEKTCGVKC,1,0.465,0.9996,0.7796875,0.5664826
DTDPFAFCIKDSNCGQDLCTSPNEVPECRLLKCQCIKS,1,0.149,0.9965,0.6583333333333333,0.810351
DTLIGRCVWGATNYTSDCNAECKRRGYKGGHCGSFLNVNCWCE,1,0.743,0.9995,0.9383333333333332,0.99982816
DVAHEILNEAYRKVLDQLSARKYLQSMVARGMGENLAAAAVDDRAPLT,1,0.01,0.0005,0.7614583333333333,0.4797975
DVKGMKKAIKGILDCVIEKGYDKLAAKLKKVIQQLW,1,0.465,1.0,0.8265625,0.9975424
DVSASTTVLPDDVTAYPVGKFFQYDIWKQSTQRL,1,0.059,0.0159,0.6377827380952381,0.00959077
EADTSCHSFDDCPWVAHHYRECIEGLCAYRILY,1,0.05,0.5313,0.4552083333333333,0.00743078
ECLGFGKGCNPSNDQCCKSANLVCSRKHRWCKYEI,1,0.683,0.9997,0.7833333333333333,0.00043458
ECSSPDESCTYHYNCCQLYCNKEENVCLENSPEV,1,0.188,0.6548,0.4132291666666666,9.95e-06
ECTIGDSCVVHRHCRECRCPRGRAMCDREHHKPPHCSCHIH,0,0.099,0.9997,0.28125,0.97452104
EDIGGNCECIRDEDCFKQKRDEDCHKEYCMIFYVHKCENYKCVCAGMFN,1,0.188,0.9845,0.5639583333333333,0.50881386
EDMNQKLFDLRGKFKRPPLRRVRMSADAML,1,0.129,0.0009,0.484375,0.34193268
EEAAKKLEEAAKKLEEAAKKLEEAAKKLWASLWNWF,1,0.356,1.0,0.4828125,0.88324314
EEEEEEEEEAEAGEEAVPEEEGPTVVLNPHPSL,1,0.119,0.0016,0.290625,0.00199409
EFLRPLFIMAIAFTLLFFTLHIMAMRNEIWRRRIAAQRRLAARMASREE,0,0.03,0.0006,0.6422619047619047,0.4495938
EGRERDHELRHRRHHHQSPKSHFELPHYPGLLAHQKPFIRKSYKCLHKRC,1,0.168,0.9635,0.7559027777777778,0.9960442
EILNNNQVIKELTMKYKTQFESNLGGWTARARR,1,0.079,0.0621,0.4773437499999999,0.51252437
EKLDIRCATVDDCPKVTKPVVMMCTGKFCHYFFVRKQIL,1,0.257,0.3895,0.6937499999999999,0.14195278
ELATNEIDYPQEEGALNQQDKKDGSYKMSHFRWSSPPAS,1,0.069,0.0215,0.5447916666666666,0.09667911
ELEALLITDNQIQARIDSHNKILYARHADQRNATFQK,0,0.01,0.008,0.5822916666666667,0.00627474
ELEGEQPDGLEQVLEPDTEKADGPYRVEHFRWGNPPKD,1,0.089,0.0108,0.4541666666666666,0.27197847
ENICDGDYDCNPNEWWCPPNYVLKCINYQCSCIGFTPAIYALD,1,0.089,1.0,0.715625,0.2884105
EPGGHRCSTDSFCPPNMCPPGMTPKCVRFRCKCVPIGWKNLSHVLA,1,0.693,1.0,0.771875,0.9922713
EQERDADEEERRDDDEMDVEVEKRFLPLAVSLAANFLPKLFCKITKKC,1,0.01,0.9998,0.6,0.997279
EQPGVYTKVAEYMDWILEKTQSSDGKAQMQSPA,1,0.02,0.0075,0.5180208333333333,0.13626778
ERVVQNVSYIAQTQDQFTHLFRNINNRLNVLHRRVS,1,0.089,0.0031,0.8167708333333333,0.18813147
ESEFDRQEYEECKRQCMQLETSGQMRRCVSQCDKRFEEDIDWSKYDNQE,1,0.178,0.011,0.7072916666666667,0.9419819
ESVVINCTRPNNNTRRRLSIGPGRAFYARRNIIGDIRQAHCNIS,1,0.05,0.0074,0.9125,0.96762294
ETESTPDYLKNIQQQLEEYTKNFNTQVQNAFDSDKIKSEVNNFIESLGKI,1,0.168,0.8552,0.7119791666666667,0.40330687
ETLSSARFRCKPNSEWRTQIPLFPQEVEACVLS,0,0.01,0.0495,0.49375,0.0137429
EVDWIYHLCDTDTDCPEHWSKFFIYKCVNHVCDSISKVTTDSKEYKNFP,1,0.168,0.4778,0.85,0.41639295
FATGMPCKTDKECPNTSTHKYKCINDDCFCFYIYWPLGNSLV,1,0.198,1.0,0.6333333333333334,0.30720443
FCGQACSSVKCPKKCFCHPEEKVCYREMRTKERD,1,0.406,0.9997,0.4160416666666666,0.64290893
FDISCDKDNKRFALLGDFFRKSKEKIGKEFKRIVQRIKDFLRNLVPRTES,1,0.04,0.9996,0.7441964285714285,0.9994167
FDITKLNIKKLTKATCKVISKGASMCKVLFDKKK,1,0.485,1.0,0.7535416666666667,0.99959314
FESKILNASKELDKEKKVNTALSFNSHQDFAKAYQNGKI,1,0.119,0.0034,0.7895833333333333,0.26158154
FFGSSIPSILLIVSDRIPCIDDMDCPDMFPSLNTQCIDNFCDVVLGYN,1,0.05,0.005,0.5677083333333333,0.3957885
FHFFHHFFHFFHHFKLLK,1,0.653,0.9341,0.715625,0.9998642
FKTWKRPPFQTSCWGIIK,1,0.594,1.0,0.7760416666666667,0.99664986
FLIFIRVICIVIAKLKANLMCKT,1,0.743,1.0,0.6742708333333334,0.9989246
FLSVTEPSLLGDGGDLEIRVFISDDFDGELFPRGVVDSDDLPLNVSR,0,0.0,0.0006,0.6275000000000001,0.04824926
FNAPFDVGIKLSGVQYQQHSQAL,1,0.04,0.0127,0.4909374999999999,0.05991818
FNKLKQGSSKRTCAKCFRKIMPSVHELDERRRGANRWAAGFRKCVSSICR,1,0.297,1.0,0.828125,0.99939907
FQKPFTGEEVEDFQDDDEIPTII,1,0.198,0.0006,0.4603125,0.00356787
FRCLRNLDCPDSMCSSAYTPRCRHRTCVCLNNDEIKIL,1,0.238,0.0079,0.6244791666666667,0.3343581
FRGLAKLLKIGLKSFARVLKKILPKAAKAGKSLAKSLADENAIRQQNQ,1,0.574,0.9997,0.85625,0.99883
FRVPLRIRPCVVAPRLVMVRHTFGRIARWVAGPLETR,1,0.297,0.9949,0.6729166666666667,0.8975615
FVAPFPEVFGKEKVNELSKDIGSE,1,0.02,0.0005,0.4077083333333333,0.30953553
FWNWLSAWIKKTYEEIKKTYEEIKKTYEEIERDWEMV,1,0.277,0.9969,0.60625,0.92498493
FYEIIMDIEQNNVQGKKGLQQLQKWEDWVNGWIGNI,1,0.04,0.0253,0.590625,0.37001503
GASLSSPAESSGSPQRRGLSAPSSRQIPAPQGAVLVQREKDLPNYNW,1,0.178,0.0047,0.5776041666666667,0.6427026
GCGGLMAGCDGKSTFCCSGYNCSPTWKWCVYARP,1,0.545,1.0,0.76875,0.00013273
GCIEDKKYCGILPFANSGVCCSYLCIFVCVPKAP,1,0.238,1.0,0.8016666666666665,0.5184852
GCKGFLVKCDSNSECCKTAIVKGKKKQLSCLCGAWGAGCSCSFRCGNRC,1,0.574,1.0,0.93125,0.27979928
GCVGHRKSCEHDKKNGCCYFMTCNCWHPMGQ,1,0.772,0.9998,0.8142559523809524,5.414e-05
GDAQTIQEVFEMFALDSDGCCWHPACGRHYC,1,0.139,0.9999,0.4447916666666667,0.00046858
GDSGVDAYVSRSGRGECRRQCLRRHEGQPWETQECMRRCRRRG,1,0.228,0.9997,0.6516666666666666,0.99829066
GDVYADAAPDLFDFLDSSVTTARTINA,1,0.059,0.0014,0.6151041666666668,0.00016882
GEWEIIDIGPFTQNLGKFAVDEENKIGQYGRLTFNKVIRPCMKKTIYEEN,0,0.0,0.9937,0.7441666666666668,0.9733944
GFDVTIEPIAQDKYFLVDSKQIREYRG,1,0.05,0.0073,0.594375,0.0063403
GFEVIDNIKDSVVILGGPNWNVKMGDIRPLTGSNGEIRFDNNYFK,0,0.0,0.0089,0.3291666666666667,0.51798916
GFFALIAKIISSPLFKTLLSAVGSALSSSGEQE,1,0.653,0.9994,0.6756249999999999,0.8724665
GFKLKGMARISCLPNGQWSNFPPKCIRECAMV,1,0.515,1.0,0.8191964285714285,0.9974475
GGAPATSANAAGAAAIVGALAGIPGGPLGVVVGAVSAGLTTGIGSTVGSG,1,0.653,1.0,0.7067708333333333,0.9437891
GGLRSLGRKILRAWKKYGPQATPATR,1,0.891,0.9998,0.7746394230769231,0.9982268
GHFGVYTRVSQYIEWLQKLMRSEPRPGVLLRAPFP,1,0.198,0.0143,0.8395833333333332,0.57043386
GIFFSRKCKTPSKTFKGYCTRDSNCDTSCRYEGYPAGD,1,0.851,0.9991,0.8290625,0.99948865
GIGDPVTCLKSGAICHPVFCPRRYKQIGTCGLPGTTCCKKP,1,0.871,1.0,0.9572916666666668,0.99998534
GIGKFLHSAKKFGKAFVGEIMNSGGKKWKMRRNQFWVKVQRG,1,0.505,1.0,0.7739583333333333,0.9999937
GIGTAQCAYFKALCYSGGSEWLGGYGGCGSTQNNCELARKYC,1,0.436,1.0,0.7666666666666667,0.9999479
GILLVDSQQALECCALSSQWGSGNNGIHHQA,1,0.149,0.169,0.5828125,0.01769397
GILSTLKQFGKAAVKGVAQSLLNTASCKLAKTC,1,0.762,1.0,0.9632291666666668,1.0
GITPDCTFNEKDIELHVYSRDKRNGIILKKEILKNYDLFKES,1,0.059,0.0021,0.6444791666666666,0.52312696
GKRGDSFRKREFFRTNGERYPEDAAAWTEFQ,1,0.297,0.0263,0.57375,0.09772627
GKYGIYTKVTAFLKWIDRSMKTRGLPKAKSHAPEVITSSPLK,1,0.109,0.9382,0.8106249999999999,0.8670096
GLFEAIEGFIENGWEGMIDGWYGGGGRRRRRRRRRK,1,0.634,0.9941,0.4797619047619048,0.99925506
GLFIIDDKQITMNDLPVGRSVDETLRLVQAFQYTDK,1,0.02,0.0003,0.30625,0.00671163
GLGDKFGESIVNANTVLDDLNSRMPQSRHDIQQL,1,0.079,0.0008,0.7240624999999999,0.47949657
GLIKPGTLWCGMGNNAETYDQLGPFADVDSCK,1,0.03,0.9935,0.2197916666666667,0.5170286
GLKLRFEFSKIKGEFLKTPEVRFRDIKLKDNRISVQR,1,0.376,0.0239,0.7859375,0.7591197
GLLSVLLGSVAKHVLPHVVPVIAEHL,1,0.891,0.9999,0.8266666666666665,0.9999979
GLVRKGGEKFGEKLRKIGQKIKEFFQKLALEI,1,0.723,0.9999,0.7853125000000001,0.9995453
GLWEDILYSLNIIKHNNTKGLHHPIQL,1,0.297,0.0317,0.7323958333333334,0.75406766
GMWDECCDDPPCRQNNMEHCPAS,1,0.149,0.0485,0.5479166666666666,7.022e-05
GMWGDCDDWLAACTTPSQCCTEVCDGFCRLWE,1,0.149,0.9551,0.5885416666666666,0.02007332
GPLPIPIVVNFNKLRKKISNRFKKLRKRLKKGFGRK,1,0.465,1.0,0.6954166666666666,0.9877521
GQRPVPFKIKFNRLTNRIDDGLKTAKRKLSEWLGRK,1,0.228,0.9997,0.6011458333333334,0.9809701
GRECHANSHCVGKITCVLPQKPECWNYACVCYDSNKYR,1,0.455,0.9976,0.6759375000000001,0.9014073
GRKKRRQRRRPPQGRKKRRQRRRPPQGRKKRRQRRRPPQ,1,0.218,0.9994,0.6846875,0.994912
GRRRRSVQWCAVSQPEATKCFQWQRNMRRVRGPPVSCIKRDSPIQCI,1,0.238,0.9922,0.9125,0.998566
GRYTTPWCVRDIDCPKEKCKHPFKPRCLTHSCVCRLWGSQDVI,1,0.297,0.9999,0.8286458333333332,0.00638843
GSASHHRRQLGLQGPQHFIADLSKKERPRMEEEEEAYGWMDF,1,0.168,0.0049,0.5302083333333334,0.5141991
GSGVSNGGTEMIQLSHIRERQRYWAQDNLRRRFLEK,1,0.069,0.0115,0.4965625,0.6172279
GSSFLSPEHQKAQQRKESKKPPAKLQPR,1,0.337,0.3947,0.506875,0.14085764
GSYPQFMAPGLVLHITGTTRIGTDDQTSVADPTSK,1,0.069,0.0014,0.5243871753246754,0.02724023
GTGNIRQSCEFDVDCENKYCPPSHDGKCVWE,1,0.109,0.747,0.6325284090909091,0.0009641
GTSEKERESGRLLGVVKRLIVCFRSPFP,1,0.376,0.9994,0.6901041666666667,0.99970907
GVLSGIMSNLGTVGNMVGGFCCTVYSGCCSE,1,0.594,1.0,0.5021875,0.995128
GWLDVAKKIGKAAFNVAKNFLSPACERLFNKAVNFAAKGIKKAVDLWG,1,0.317,1.0,0.8875,0.9999998
GWTLNSAGYLLGPHAVGNHRSFSDKNGLTS,1,0.376,0.0006,0.504375,0.00528298
GYGYGYGYGYGYGYGYKKRKKRKKRKKRKQQKQQKRRK,1,0.396,0.9997,0.5697916666666666,0.9316719
GYPEEKKEEEGSANRRPEDQELESLSAIEAELEKVAHQLQALRR,1,0.257,0.0293,0.5057291666666666,0.55387414
HADAIFTSSYRRILGQLYARKLLHEIMNRQQGERNQEQRSRFN,1,0.069,0.0252,0.4108333333333333,0.5432147
HADGSFSDEMNTILDNLAARDFINWLIQTKITD,1,0.059,0.0009,0.3373958333333333,0.02186792
HADGVFTSDFSKLLGQLSAKKYLESLMGKRVSSNISEDPVPV,1,0.02,0.0029,0.6057291666666667,0.21302187
HALQDTEENPRSFPASQTEAHEDPDEMNED,1,0.168,0.0021,0.2854166666666667,0.0575619
HEHEHEHEHEHEHEHEHEHEHEHEEFGGGGGYGRRRRRRGGGGGG,1,0.337,0.9948,0.3989285714285714,0.83653885
HHHHHHTKRRITPKDVIDVRSVTTEINT,1,0.282,0.0007,0.354375,0.6061229
HRFLIYNNCKNDTECPNDCGPHEQAKCILYACYCVE,1,0.079,0.7986,0.5166666666666666,0.243507
HSDAVFTDNYTALRKQMAVKKYLNSILNYGRKKRRQRRR,1,0.059,0.9598,0.4092708333333333,0.8524353
HVGGDECNINEHRSLVAIFVFTEFF,1,0.0,0.0018,0.3419791666666666,9.198e-05
HVTCFYVKFGCKHTECITTIVFCWQTASDISSV,1,0.267,0.9986,0.520625,0.22249648
IDPPRYCNHIICYEDSECSQWCTAGCNSITSKCDT,1,0.059,0.9693,0.650625,0.90197766
IDYRKCQASQILKEHGMDKVIPLPELVCTMFHISGLSPQAEV,0,0.0,0.0874,0.7104166666666667,0.6622113
IEKTNEKFHQIEKEFSEVEGRIQDLEKY,1,0.158,0.0366,0.6314560439560439,0.01031083
IGALQGAVDRVLTQPTQSIVRNVAVVNSLYK,0,0.139,0.0028,0.20625,0.09643082
IHVQGHLQEVDAGNFIPP,1,0.02,0.0013,0.4933035714285714,9.061e-05
IKCLQGNNNCHIQKCPWFLLQVSTCYKGKGRCCQK,1,0.792,1.0,0.8375,0.99986535
IKIFTEHRCRTDADCPARELPEYLKCQGGMCRLLIKKD,1,0.208,0.8967,0.7078125,0.65708184
ILIIGGTGYIGRKVDVVISAVKFLPSEFGNDVDRVVFVKEEDIGTFTIK,0,0.03,0.0011,0.65625,0.2392943
ILNKKPKLPLWKLGKNYFRRFYVLPTFLA,1,0.703,0.9995,0.8685416666666665,0.71254987
IRDKCFRPSDCPPSMYCDAGFQIGCVRKICTCLRILAPIDFVPT,1,0.149,0.9999,0.725,0.26507086
IRLPEPFRFPSPTVPKPIDIDPILPHPWSPRQTYPIIARR,1,0.149,0.974,0.85,0.8807678
IVAVLHSSEGVAGTITFIADSQIPLTGPNSI,1,0.079,0.0009,0.4479166666666666,0.02020257
IVHVTAKDKGTGKENTIRIQEGSGLSKEDIDRMIKDAEAH,1,0.208,0.0012,0.6181547619047618,0.09013021
IVLSLDVPIGLLQILLEQARARAAREQATTNARILARVGHC,1,0.287,0.002,0.5604166666666666,0.8935644
IWDAIFHGAKHFLHRLVNPGGKDAVKDVQQK,1,0.624,0.9998,0.7010416666666667,0.9985142
IWNHGNLTLGEWYNQTKDLQQKFYEIITMDIEQNNV,1,0.059,0.0037,0.4510416666666666,0.13910732
IYSFDGRDIMTDPSWPQKVIWHGSSPHGVRLVDNYCEAWRTA,1,0.05,0.0966,0.7791666666666666,0.6630806
KAESKYRKATGQAPIKEVMTPTNMNDTNDLG,1,0.069,0.0167,0.5216666666666667,0.18559445
KAKQLETLKAAFAATPKPTRHIREQLAQETGLNMRVIQV,0,0.02,0.0055,0.255625,0.6662848
KASSSAPKGWTHHGSRFTFHRGSM,1,0.446,0.9322,0.6130208333333333,0.13231722
KCNPKGFTNEGCRGIDKKHWNSQCRTSQSYVRALTMDSRKKIG,0,0.03,0.991,0.721875,0.7585888
KDDCLVDADCVTLVCEFDERPQCVINTCRCRPLRFSGFYYEQLH,1,0.02,0.2922,0.6311755952380953,0.20842
KDGCKTNFDCLIKYPDHNEDILQCIGGHCLCLTN,1,0.089,0.9996,0.4885416666666666,0.9297292
KECMVDGTVCYIHNHNDCCGSCLCLNGPIARPWKMMVGNCKCGPKA,1,0.436,1.0,0.88125,0.00026686
KGATYITYVNFLNELRVKTKPEGNSHGIPSLRK,1,0.05,0.0091,0.4729166666666666,0.29064947
KGCLPRNRFCNALSGPRCCSGLRCKELSIWASKCL,1,0.545,1.0,0.878125,0.5863512
KGRTPIKFGKADCDRPPKHSQNGMGK,1,0.376,0.3406,0.5453125000000001,0.03739421
KGSKKAVTKAQKKDGKKRKRSRKESYSVYVYKVLKQ,1,0.01,0.9994,0.5125,0.6603335
KHAVIKWSIKSSVKFKISTAFKATTI,1,0.525,0.945,0.7817708333333333,0.9212666
KKKFPWWWPFKKKCKKKFPWWWPFKKKC,1,0.723,1.0,0.7459374999999999,0.9993294
KKKKKKGGFLGFWRGENGRKTRSAYERMCNILKGK,1,0.495,1.0,0.6854166666666667,0.951202
KKKRYIECETHEDCSQVFMPPFVMRCVIHECKIFNGEHLRY,1,0.297,0.0037,0.7328125,0.6213997
KLIQIRIWIQYVTVLQMFSMKTKQ,1,0.396,0.0018,0.6675,0.9577196
KLTFIQSTAAGDLYYNTNTHKYVYQQTQNAFGAAANTIVNGWMGGAAGGF,1,0.406,0.9998,0.7588541666666667,0.97769266
KNECLWTDMLSNFGYPGYQSKHYACIRQKG,1,0.554,0.9993,0.6101041666666667,0.31433374
KNEPEPKFIECVTDADCLNSQSKMYALICEKNRCIYEFLKSMHYNLS,1,0.05,0.9315,0.753125,0.75402194
KPHRYRPGTVALRSTELLIRKLPFQREIAQDFKTDLRDIQLAR,1,0.03,0.0017,0.2625,0.59015995
KQTNIPCENKRDCPQPLYPKFVTCFEGLCRMHYPLKKI,1,0.584,0.9997,0.7565625,0.53703517
KRFHSVGSLIQRHQQMIRDKSEATRHGIRIITRPKLLLA,1,0.574,0.9965,0.8479166666666667,0.96452093
KRGLWESLKRKATKLGDDIRNTLRNFKIKFPVPRQ,1,0.446,0.9993,0.7166666666666666,0.9994162
KRKRKRKCRKRKRRCRKRKCKRKRKRKRKCRKRKRKCCRRKK,1,0.178,1.0,0.6901041666666667,0.9997331
KRPGNKTVVPITLMSGLVFHSQPINRPRQAW,1,0.436,0.0208,0.7729166666666667,0.6553238
KRRIRRERNKMAAAKSRNRRRELTDTGC,1,0.347,0.0026,0.584375,0.09749334
KSYGPCTTLQDCETHNWFEVCSCIDFECKCWSLL,1,0.178,0.4084,0.5460416666666668,0.45814532
KTFLMAEYIKCDTDADCPIVIHHSFYKCIDNLCKRFRRQKHLV,1,0.01,0.9186,0.74375,0.26295802
KTQFLPNYYEFYHCYNHSDCQGSMCPTGSKPKCVDQVCECILIRM,1,0.426,0.9256,0.735,0.82921
KTYYGTNGVHCTKKSLWGKVRLKNVIPGTLCRKQSLPIKQDLKILLGWAT,1,0.218,1.0,0.7479166666666667,0.9998511
KVPAYCKLPPDSGPCKGHFPAFYYDPVSSYCQKFI,1,0.218,0.9986,0.81875,0.134087
KVVHLRPRSSFSSEDEYQIYLRNVSKYIQLYGRPRF,1,0.05,0.0027,0.809375,0.06409785
KWFNEKSIQNKIDEKIGKNFLGGMAKAVVHKLAKNEFMCVANVDMTKSCD,1,0.02,0.1123,0.8833333333333332,0.996731
LADDMPATMADQEVYRPEPEQIDSRNKYFSPRL,1,0.03,0.0045,0.1614583333333333,0.00637965
LAVFLHGVQIGGSRIKQDARSVRKYDRIGIFFYSFKSA,1,0.713,0.0478,0.64375,0.6984366
LCLDQKPEMEPFRKDAQQALEPSRQRRWLHRRCLSGRGFCRAICSIFEEP,1,0.059,0.994,0.7375,0.9532908
LCSREGEFCYKLRKCCAGFYCKAFVLHCYRN,1,0.614,1.0,0.6782291666666665,0.00093548
LDDGVMDASTCWKILGHCRKVCYKNEMQIGSCPAPKNMCCIYQPITRDD,1,0.069,0.9997,0.73125,0.99788445
LDKRKCFPKNHFCGFVVMLNYLCCSGRCIFVCV,1,0.376,1.0,0.6104166666666667,0.8985081
LEAIPCSIPPEFLFGKPFVFLEAIPCSIPPEFLFGKPFVF,1,0.02,0.0095,0.5479166666666667,0.43747148
LGEKGYSYSTGDSSVTVQHDTLPYSRYQGLYNYAHPGYNTYPYNQYQG,0,0.139,0.2031,0.2390625,0.37557024
LGKLLDVYESRLLDVYESRVLDIYESRLGKVLDIYESR,0,0.02,0.0001,0.6625,0.1986606
LGLTAGVAYAAQPTNQPTNQPTNQPTNQPTNQPTNQPRW,1,0.307,0.3628,0.5453125,0.70153475
LGSFLKGVGTTLASVGKVVSDQFGKLLQAGQG,1,0.733,1.0,0.5333333333333333,0.6329986
LILILILILILILILIKRKKRKKRKKRKKRAKRAKHSK,1,0.446,1.0,0.5307291666666667,0.9926551
LIVSETNPTQVVAALLRNLNTSNDELVVAK,1,0.099,0.0002,0.3703125,0.00340025
LKKCITFEDCPISKTRVYKCLHGECRYTIPYIPKVPKVK,1,0.307,0.9999,0.703125,0.2512515
LKVDLWGTRSGIQPEQHSSGKSDVRRWRSRY,1,0.297,0.9101,0.6640625,0.69087386
LKVIIPSSTCDSDYDCLRYEEALNVITCCNNGLCVMFCPDFD,1,0.02,0.1305,0.5260416666666666,0.01383241
LKYTTDQTNIVSINSDGQVTAEAQGIATVKATVGNMSDTITINVEA,1,0.05,0.0033,0.5854166666666666,0.05481054
LLDNFESTWEQSKELWEQQEISIQNLHKSALQEYWN,1,0.089,0.0021,0.56875,0.28005642
LLETLLKPFQCRICMRNFSTRQARRNHRRRHRR,1,0.267,0.9324,0.5652083333333333,0.981267
LLLLLLLCLLLLLLCLLLLCLLLLLLLLLCLLLLLLCCLL,1,0.426,1.0,0.5760416666666667,0.99989533
LNKQRENHKEKIKEHTEIIGHIEEKIENILYIPEEEEYNRDLPF,1,0.188,0.0775,0.659375,0.63020074
LNLGVGAYREYLPIEGLAAFNKVATVQGLSGTGSLRQALYDSISSK,0,0.01,0.0027,0.68125,0.4730713
LPDTFDSRKQWPNCPTISEIRDQGSVSVEVSAEDLLSCCGFECGMGCN,0,0.0,0.0969,0.5432291666666667,0.1746955
LPKTLRKFFARIRGGRAAVLNALGKEEQIGRASNSGRKCARKKK,1,0.05,0.9999,0.639375,0.93855256
LPRLLRLDSRMATVDFPKKDPTTSLGRPFFLFRPRN,1,0.218,0.078,0.7666666666666667,0.10070004
LQVSRDVWLLSQPHLRDDHHAKQLSDWCVSLFAARSP,0,0.02,0.0022,0.2145833333333333,0.0146092
LREWEAGVTDTYGMPQPTFHVKRTNADGDRDQRMMNDMTNVANMLGGYLP,1,0.168,0.034,0.75,0.69628966
LSNLLQISNNSDEWLEALEIEHEKWKLTQWQSYEQF,1,0.089,0.0033,0.4738541666666666,0.00206959
LSSSEESTRINKKIEKFQSEEQQQYEDELQDKIHPFAQTQSLVYPFPGPI,1,0.119,0.0396,0.6177083333333333,0.5210311
LSSTCILVLVKDILVLVVKEILVLVVKDKPI,1,0.317,0.0,0.4083333333333334,0.10335594
LTWPLFLWYTIRNDKKGVLKAMLERIKGMLRKIRLANGLATA,1,0.436,1.0,0.715625,0.99618334
LVAYGIAQGTAEKVVSLINAGLTVGSIISILGGVTVGLSGVFTAVKAAIA,1,0.356,0.9996,0.6557291666666668,0.9416084
LVIIDHHKPCVSDTDCAFYLDIPPTVKYCSDGLCAWYFPDNPLP,1,0.059,0.5469,0.6666666666666667,0.6793888
LVKKAFSKITEGFIEKPQGKLTLATESDKRPAIKQSAEDDFDKL,1,0.069,0.7079,0.5375,0.22548375
LVPRGSRAGSPSGGPFCALARQPLTGARLMSGLFFALHET,1,0.465,0.4666,0.5888541666666667,0.88189566
LVQRGRFGRFLSKIRRFRPKFTITIQGSGRFG,1,0.881,0.9992,0.9375,0.96092373
LWKALKKELSEQLSEDLTPADITVLNIIPMDKKQSSLITGI,1,0.03,0.022,0.675,0.6889409
LYIGCETDRDYPPLANKTFYLKCIDKKCEWTVTDSLSTRSGRMQKLSI,1,0.099,0.1485,0.619375,0.58584934
LYSIASSAIGDFGFGDSKLDFAVSRGIDDIMVDLAAK,0,0.0,0.0004,0.20625,0.01287309
LYSSLSSIYSITLIVISIYIYIVISYCSLFMFFILYSYTCSIQ,1,0.168,0.0396,0.5677083333333334,0.04460666
MAAAALRQIWARKFLPVPWLLCGPRRYASSS,0,,0.9969,0.1,0.00044249
MAARAVFLALSAQLLQARLMKEESPVVSWRLEPEDGTALCFIF,0,,0.0001,0.1625,0.00028736
MAETAEDLAEKKKKRTFRKFTYRGVDLDQLLDMNMDQ,0,,0.0029,0.0520833333333333,0.00093458
MAKAKTPAVANTGAKPPYTFRTAWALLLLGVNFLVAAYYFHIIQ,0,,0.3042,0.05,0.00074318
MAKEFGIPAAVAGTVINVVEAGGWVTTIVSILTAVGSGGLSLLAAAGRES,1,,0.5223,0.11875,0.7578684
MAKLHDYYKDEVVKQLMSQFDYNSVMQVPRVEKITLNMGVGEA,0,,0.0005,0.05,0.00140564
MALLDLQAMDTPAEDSFGELATGSQVSLLVCEYSSLSVVLCTP,1,,0.0001,0.2953125,4.18e-06
MAMPGEPRRANVMAHKLEPASLQLRNSCA,1,,0.0031,0.25625,0.00623121
MANIVLRVGSVAYNYAPKIFKWIGEGVSYNQIIKW,1,,0.9957,0.1375,0.18520722
MANKVSLENLLAMAVTAKEHEMSRHANKMRQLEKTEANIKKRIKELSKEG,1,,0.0072,0.08125,0.00152012
MANLLISEKSYYEKLVEAETANEFRMVLIRLINRVVMKVKVPLEVRELFL,1,,0.0007,0.1,3.089e-05
MAPPTREYRCTPNYHSARHQMSSLLGLCKGGVGPQPRPWCEKTMV,0,,1.0,0.040625,0.0012887
MARWCPPANRSASAAATCSSVVANTACMRWCKKRSQCPARRTP,0,,0.9999,0.1,0.0848275
MASHHEITDHKHGEMDIRHQQATFAGFIKGATWVSILSIAVLVFLALANS,0,,0.8314,0.0875,0.02698114
MATAFLPSILADASFLSSIFVPVIGWVVPIATFSFLFLYIEREDVA,0,,0.0026,0.0729166666666666,1.11e-06
MAVPKQKKSKSKSRFKKKNFLLKNKIIAKNQYNNYFIKHRCLV,0,,0.7672,0.05625,0.00022802
MCMPCFTTDPNMANKCRDCCGGGKKCFGPQCLCNR,1,,1.0,0.125,0.00016685
MDAAHLSDLDIDALEISEFLDESRLEDSEVVAKVMSASCTTCECCCSCSS,1,,0.0018,0.0515625,0.00020542
MDDFKQAILLLVVDFVFVIILLLVLTFVVPRLQQSSTINTGLRTV,0,,0.0055,0.00625,1.4e-06
MDFKEVDINIEEWEMVEIPFYTEEELTYRLNNGLPITKSELEEQESKK,1,,0.0032,0.0625,0.00028539
MDFVIQWSCYLLAFLGGSAVAWVVVTLSIKRASRDEGAAEAPSAAETGAQ,0,,0.1863,0.078125,2.24e-06
MDIDYRIAIVLAPVVIAASWAVFNIGAAALRQIQGFLDREA,0,,0.6736,0.03125,1.354e-05
MDKIIKFQGISDDQLNAVIGGKKKKQSWYAAAGDAIVSFGEGFLNAW,1,,0.9855,0.175,2.725e-05
MDNEIIIIVIVIIIFFFYLKQKKLTNCETQVVKVQKDIDEINLKLKKLNK,0,,0.243,0.3168750000000001,0.00776239
MDNKVAKNVEVKKGSIKATFKAAVLKSKTKVDIGGSRQGCVA,1,,0.9465,0.1015625,8.085e-05
MDQAIYTLHEFMLHTKNWTYILMGVTLLVYVGYWLFLTGRDEKIRKY,0,,0.1232,0.03125,0.00029806
MDSIATNTHSSSIVNAYNNNPTDVVKTQNIKNYTPKVPYMCVIA,0,,0.0058,0.04375,0.0003117
MDSNKDERAYAQWVIIILHNVGSSPFKIANLGLSWGKLYADGNKDKEVYP,1,,0.4802,0.05,0.00901788
MDWRVIVVVSPLLIAATWAAINIGAAAIRQLQDVLGREA,0,,0.9566,0.00625,1.519e-05
MDWRVLVVLLPVLLAAGWAVRNILPYAVKQVQKLLQKAKAA,0,,1.0,0.0177083333333333,0.0016168
MDYQVSSPIYDINYYTSEPCQKINVK,1,,0.0061,0.196875,5e-08
MEALVYTFLLVSTLGIIFFAIFFREPPKVPPTPTKRIK,0,,0.9464,0.05,7.3e-07
MEGINFSALAPRYGSRPMLSSWSDIGTSSMNGGAFNWGSLWSG,0,,0.0022,0.34375,0.0003043
MEINKAYERLLKEVELLQNDLMDIEDYSEEVYQAFQKVIDELEYVIEEG,1,,0.0041,0.04375,1.01e-06
MEKAEKGNPKGKAFRGNKLAFGEYGIQALDRAWITQQQIEAVRVALVRS,0,,0.0092,0.15,0.0045848
MEKVLDLDVQVKGNNNTNDSAGDERITSHLFCSFGCEKTGSFNSFCC,1,,0.7418,0.275,4.534e-05
MELIKQIFPFANSEIITAAVVCFSMTLFGLSLGFGLLKVQGE,0,,0.0927,0.0125,8.9e-07
MEMVLELQELDAPNELAYGDPSHGGGSNLSLLASCANSTVSLLTCH,1,,0.0145,0.2625,2.659e-05
MEQITLTKEELKEIIAKEVREAINGKKPISSGSNFQQSKNQP,1,,0.0118,0.05,3.074e-05
METPVVQPRDWTCWSCLVCAACSVELLNLVTAATGASTAS,1,,0.9987,0.1432291666666666,3.87e-06
MEVLNKQNVNIIPESEEVGGWVACVGACGTVCLASGGVGTEFAAASYFL,1,,0.9966,0.2125,3.282e-05
MEVNILAFIATALFILVPTAFLLIIYVKTETQNKNKKD,0,,0.019,0.01875,1.5e-06
MEWYPEAAANAERYTQIVWYK,1,,0.0096,0.05625,0.00566479
MFDAFTLVVSQADTRGEMLSTAQIDALSQMVAESNKYLDAVNYIT,0,,0.0002,0.08125,0.00065399
MFDDQDLGFFANFLGIFIFVLVIAYHFVMADPKYEGN,0,,0.0029,0.0,2.4e-07
MFDTNSTRLPIWGIGCNPWTAEHVDQTLVSGNDIC,1,,0.0013,0.0958333333333333,0.00018188
MFKEYNYCGQCRVNYINCHCPTHYPERNKDDHHL,1,,0.9569,0.1697916666666666,0.00027625
MFKILNDIKTSLKNHPWGWKEHLPYLLMLTLSLVALIFGVLSAIL,1,,1.0,0.09375,0.01264421
MFKLLTLFKRNKITSAEEYYTQAIHICEQFDRSTQKYTSM,1,,0.0148,0.14375,0.00265578
MFSGAGRPSKEQIKQYDNLAVGEMKKGASVAAVLLLTPFVISFFQKMRA,0,,0.9872,0.09375,0.00204533
MFSPILSLEIILALATLQSVFAQPVICTTVGSAAEGS,1,,0.0567,0.155,0.00316512
MFTNSIKNLIIYLMPLMVTLMLLSVSFVDAGKKPSGPNPGGNN,0,,0.2985,0.0625,0.0026495
MGCAKSELLILLEYIDRECKDYESCKRIIVELEERVKKIAFVEAINDLF,0,,0.0017,0.23125,0.00050367
MGKRKANHTISGMNAASAQGQGTGYNEEFANEPFTPAERQNNKKRKKNQ,0,,0.2019,0.03125,0.00087243
MGPAVVFDCMTADFLNDDPNNAELSSLEMEELESWGAWSDDTDQSV,1,,0.0002,0.225,0.00033633
MGYILPALSQQTCCVRPWCDGACDCCVDS,1,,0.9733,0.309375,4.7e-07
MHIETVTTCIYDSDCPEDMCYPPKKSFCSTFEILSIERKVGVCECI,1,,0.0379,0.1125,0.00959689
MIGDFILWFKQAWKETFCIHDYTVKGVYKTLDNHGYLKCKKCGRIK,1,,1.0,0.04375,0.14521512
MIHLTKQNTMEALHFIKQFYDMFFILNFNV,1,,0.0028,0.2340625,5.49e-06
MIKHFGGIEEAEAAIASGKAVYGKPTVPKGYILGTDIKGMYVLHKE,1,,0.0038,0.08125,0.1035555
MIKQILRLLFLLAMYELGKYVTEQVYIMMTANDDVEAPSDFAKIRAEVSW,1,,0.0004,0.1875,0.00023814
MILIVLLPILLAATWAFINIRGAALKQQGLGLVSKNKG,0,,1.0,0.03125,1.387e-05
MILTNYKNLKGRYINMKAKVLNKTKVITGKVRASYAHIF,1,,0.2009,0.134375,0.00015528
MINLPSLFVPLVGLLFPAVAMASLFLHVEKRLLFSTKKIN,0,,0.4464,0.025,0.00077892
MIPEGTYLKDSSGLNHYFIEGHIVGVRTGVRGYQTVVWDKELDKNV,1,,0.0091,0.04375,0.00389379
MIRIAMKALNCFKVSGLKCWSFNSPRGQESPCPG,1,,0.999,0.2632440476190475,0.02838022
MISMLRCTFFFLSVILITSYFVTPTMSIKCNCKRHVIKPHICRKICGKNG,1,,0.9998,0.0375,0.0026492
MISSHQKTLTDKELALISGGKTHYPTNAWKSLWKGFWESLRYTDGF,1,,0.9865,0.1625,0.00336768
MITDTQLTLLSNTLGATIFLLIVYYHYVATKTVTAAKKDN,0,,0.0042,0.0125,4.68e-06
MIYDVNSPLFRSFLSQKGGSSDKRKTEEQKPKEHRPKASENKPIMTE,0,,0.0147,0.1125,0.03040164
MIYRKWSLLSGPPVILGGAVIAAVAVGFVLQNVTKGEQKKNVSTNK,0,,0.8315,0.00625,0.00295716
MKAIMVLFYVMTLTIIGSFSMVSGSPGQNDYVNPKLQFACDLLQKAKERQ,1,,0.2008,0.0875,0.00598467
MKCGRKRRRRRRHACKRKKRACKQRSSTIVRAHLVHRRRAARRCP,0,,0.9998,0.1140625,0.00018208
MKDGYKSLSDDDLLKVGVNKFKGFMQTMGTASKKSV,1,,0.371,0.025,0.00070947
MKDRLFLLGQHLLPHHLLSRAAGRLAECRVPWVKNSLIKAFARHFQVD,0,,0.2978,0.01875,0.00176014
MKDTVTISKSEYERLLKAEAFLEALEEAGVDNWEGYAMAFF,1,,0.0028,0.0375,5.7e-07
MKFLSLAFVLGLLALANATPLNPGNVIINGDCRVCNVRA,1,,0.0133,0.05,0.30094397
MKGDPKVIDYLNKALRHELTAINQYWLHYRLLDNWGIKDLAKKWRAESIE,0,,0.0319,0.0125,0.02721078
MKHSDNLRSVRSEYADADGSRCVYLTFDDGPNPLCTPPDI,0,,0.0018,0.06875,0.00050421
MKKAKAIFLFILIVSGFLLVACQANYIRDVQGGTVAPSSSSELTGIAVQ,1,,0.3385,0.0375,3.25e-06
MKKEITNNETVKNLEFKGLLDESQKLAKVNDLWYFVKSKENRWILGSGH,1,,0.0016,0.05625,9.09e-05
MKKKDKGRLTGGVTPQGDLEGNTHNDPKTELEERAKKSNTKR,0,,0.5028,0.0625,0.00077269
MKKKVVKKTVLKEKELTKVVGGKKAPISGYVGRGLWENLSNIFKHHK,1,,0.9999,0.04375,0.00013846
MKKLAVILTLVGGLYFAFKKYQERVNQAPNIEY,1,,0.9554,0.06875,4.029e-05
MKKTAIAIAVALAGFATVAQAKGLKKLLKGLKKLLKLHHHHHH,1,,1.0,0.2364583333333333,0.06187856
MKKTDKILKEIGIQRVAIMEGKKYSKGFMEDGDIGVQY,0,,0.0017,0.04375,1.1e-05
MKKVFFGLVILTALAISFVAGQQSVSTASASDEVTVASAIRGA,0,,0.0095,0.08125,2e-06
MKLLNFILIIFNALKSRHLIRCLDSKCHKLFPLLEVNKSTTSL,0,,0.9948,0.1375,0.00337314
MKLSFRARAYGFRGPGPQL,1,,0.8174,0.3520833333333333,0.00016504
MKNTEKLEQFKEVTEAELQEIRGGDKRLPYFFKHLFSNRTK,1,,0.6523,0.03125,2.508e-05
MKQFDEQKMVNMSDEELLGFIGGDSIRDVSPTFNKIRRWFDGLFK,1,,0.0199,0.05625,0.00105609
MKRTTKLGVSALLVSLFALFVGKKLDDEVNKDDASDDRGVGPLD,1,,0.0008,0.025,3.549e-05
MKSKLFISLSAVLIGLAFFGSMYNGEMKEASRNVTLAPTHEFLV,0,,0.0017,0.05,0.00010631
MLAEIKGLNEECGVFGIWGHEEAPQITYYGLHSLQHRGQEGAGN,1,,0.0477,0.15,1.777e-05
MLALKISVYTIVFFFVGIFLFGFLASDPTRTPNRKDLESPQD,0,,0.0002,0.00625,6.9e-07
MLALLKSLERRCLMITISTMLQFGLFLIALIGLVIKLIELSNKK,1,,0.9999,0.075,7.38e-06
MLELLKSLVFAVIMVPVVMAIILGLIYGLGEVFNIFSGVGKKDQPGQNH,0,,0.691,0.0375,5.998e-05
MLFTIAWASLAAVFSFSIAMVVWGRNGDGTLNF,0,,0.5969,0.01875,1e-06
MLKLISPTFEDIKTWYQLKEYSKEDIAWYVDMEVIDK,1,,0.0004,0.0895833333333333,4.146e-05
MLLAIAFLASVCVSSKRKRAVKRVGRRLKKLARKIARLGVAF,1,,1.0,0.175,0.00029031
MLNLIVVVLPILAAVTWVVFNIQKPAREQLARQFDENNKAF,0,,0.9885,0.0875,9.35e-06
MLQEFNQNQKAKVAVCLNKTNSTDLAWWRTWTSSWWANVYF,0,,0.947,0.2875,0.00274638
MLQKFRIAKEKNKLKLKLLKHASYCLERNNNPELLRAVAELLKKVS,1,,0.9923,0.1375,0.26514226
MLREIWDLNYTFKTRGKLMEKLIDRGVGLDGEFLKYLVD,1,,0.0448,0.03125,2.04e-06
MLTIYIMLNNYKSVILSPFPCCVLKSYLTVIYISFL,0,,0.0186,0.0958333333333333,0.00655125
MMNGLKRLMKAKRYKKEVKEIITMQKKAINELETLNKNLKLINQNY,1,,0.0645,0.1223958333333333,0.02978072
MNDSNQGLQANPQYTIHYLSQEITRLTQENAMLKAYIQEQNEKSKSAEEE,1,,0.0077,0.06875,0.03740797
MNELTLIDFYLCFLAFLLFLVLIMLLIFWFSLEIQDIEEPCNKV,0,,0.1315,0.10625,2.43e-06
MNFQQRLQSLWTLARPFCPPLLATASQMQMVVLPCLGFTLLLWSQVSG,1,,0.9999,0.09375,0.00022026
MNHKQVAERILNAVGRDNIQGARHCATRLRLVLKDTGVID,0,,0.0005,0.025,4.202e-05
MNIHTYHHLLFPSLVFHQSSDVPNALSLHIHTYEYIIVVIDPFRITLAFR,0,,0.0007,0.075,3.442e-05
MNRKVDVDGTSQGIVYGYHEGKEGETEFFKKSIRWIHGQ,1,,0.1682,0.01875,0.00075885
MNVESRNSEKAWNRAIVKAEQEAAKKKMERLAKMRAKSKRK,1,,0.1472,0.08125,0.00061317
MPFLFCNVNDVCNFASRNDYSCNYYSNSYSFWLASLNPER,1,,0.9819,0.14375,0.06899618
MPKARPVNHNKKKSKITIKSNFTLFYMFNP,1,,0.0713,0.3166666666666666,8.504e-05
MPMATTIDGTDYTNIMPITVFTTVYLGVFIGIDTSTTGFTCFSRY,0,,0.0822,0.1259374999999999,4.075e-05
MPNWLKKQMQKAFLEKDNYQIKLLNQCWYFYRKKHCS,0,,0.9839,0.184375,0.0154907
MPRVRSLFQRQKRTEPGLEEVGEIEQKQLQ,1,,0.0294,0.2890625,5.1e-07
MPSWHGMVLLPYVKHTHASTHTHTHNIYGCACELVFH,0,,0.1572,0.159375,0.49672395
MPTEERVRKRKESNRESARRSRYRKAAHLK,1,,0.0033,0.28125,0.00032162
MPTPLSLQALAKKVLATQHISKDHLYFEILWFMVAFFDAYSL,0,,0.0051,0.175,0.00011514
MPTRSTNPNKQPVELNRTSLFLGLLLVFVLGILSPATSLTS,0,,0.9853,0.11875,4.1e-06
MPTWLTTIFSVVIVLAIFLYFGLLIYQKIRQIRGKKKDKKEIERKESNK,0,,0.1426,0.2579166666666667,0.02277809
MQAKAPMYPNEPFLVFWNAPTTQCRLRYKVDLDLNTFHIVTNAR,0,,0.0318,0.03125,0.0231195
MQEQKFRILTINPGSTSTKIGVFENERAIVEKTIRHEGRCFGNIKR,0,,0.0277,0.0083333333333333,0.00018276
MQPILEKLYRAESMSQQESQQLFSAIVRGELEPSQLAA,0,,0.0023,0.090625,0.00014719
MQTLSSAPDPAVSVAVTILAVLLALTGFGLWTAFGPKAAKLTDPWDDHDD,0,,0.1037,0.00625,4.028e-05
MQVGFVSQTNCRSFPACIVFLFQMSQRQRSFNANLRVFKSKCKKIYIG,0,,0.918,0.04375,0.00021184
MRKWFHNVLSSGQLLADKWPAWDYNRK,1,,0.9996,0.4362499999999999,0.7990743
MRRALDGPGSSSLDTRQADKRQVRFRQCYFNPISCFRK,1,,0.9461,0.14375,0.02582256
MRRKVKNTKRHQWRLTHSARSIKRANIMPSNPRGGRRF,0,,0.9753,0.125,6.041e-05
MRSEQISGSSLNPSCRFSSAYSPVTRQRKDMSR,0,,0.0164,0.1,1.86e-06
MRSRASAEGIAVLGLRRRGESPVCRRRNVVVCFWGDRSCVEREGCVRG,0,,0.9872,0.11875,0.00032408
MRVNITLEHKESGERLYLTSKNKRNTPDRLQLKKYSPKLRKHVVFTEVK,1,,0.006,0.00625,0.00021122
MRVNKESLQMNTYISLHGWWRTSLLRAV,0,,0.0573,0.134375,1.28e-06
MSAEALADPKADPLAGPNPDADPEAINLKAIAALAKKLLG,1,,0.064,0.05625,0.00149565
MSAEDLFTIQILCDQIELKLASIVINSNIKLQLKRKKKTQQL,0,,0.044,0.14125,0.00021485
MSDINATRLPLFFPPDFRPPCVGDADNFTLTRGENLC,1,,0.1621,0.0625,1.48e-06
MSDKPDMAEIEKFDKSKLKKTETQEKNPLPSKETIEQEKQAGES,1,,0.3858,0.03125,0.44837323
MSDVIIPFLTSAVTAFIVAYLLDRWYIKRRR,1,,0.9922,0.1423958333333333,4e-08
MSKGKKRSGARPGRPQPLRGTKGKRKGARLWYVGGQQF,0,,1.0,0.0859375,0.00013294
MSLYDYWVQFVSYIIGANAPEFLYVISFVLFIVLFFGMFFKLIQKMWSF,0,,0.9742,0.06875,2.447e-05
MSLYLLLGLKILRYLKMVIVLRCHSAFLLSVKFLREKRRLKMYLGIMLGF,0,,0.005,0.0979166666666666,4.356e-05
MSMRLVVVLLPLGIALGWAVYNIGKLAIEQWRRTGSKV,0,,0.9994,0.00625,5.294e-05
MSNSENTGRIPLWLVLTIIGLAAIALLALFFYGSYSGLGSSL,0,,0.132,0.03125,1.71e-06
MSPEEIRRRLDTITERIANAVMIVNLIKEKSK,1,,0.004,0.0859374999999999,1.311e-05
MSPPSSMCSPVPLLAAASGQNRMTQGQHFLQKV,0,,0.0462,0.03125,0.01513299
MSSQTTFGWSLFTSGIVTLVLKALPGDSLWWGLMLLAVGLVLLYYR,1,,0.9999,0.05,6.52e-06
MSVEIKGIPEVLKKLESVYGKQSMQAKSDRALNEASEFFYKGFKERIREF,1,,0.0328,0.08125,0.00023408
MSWLNFLKYIAKYGKKAVSAAWKYKGKVLEWLNVGPTLEWVWQKLKKIAG,1,,1.0,0.15,0.9606863
MTAESMMFNGAVILMVLVLFGLAWGFLILKIQGGEAE,0,,0.0486,0.00625,0.01134471
MTCHQAPTTTHQSNMA,1,,0.072,0.3838541666666666,0.00020534
MTGSYAASFLPWIMIPVTCWLFPVVVMGLLFIYIESDAPST,0,,0.9918,0.16875,0.00013706
MTIEQINAEVKQQEMLGNKLEVIQLGNDIYMYINGEPYKTIELI,1,,0.0006,0.08125,4.738e-05
MTKKNLKPQQAAPVQREINTTSSESGTSTGLTPHQAYLGIPLPFAGDDAE,1,,0.0106,0.11875,6.093e-05
MTMGCTHPGGACAGHHHCCSQSCNTAANSCN,1,,1.0,0.2296875,0.0001489
MTPSLANFLSSLVWGAVIVVVPASIGLFFLSQTDRVDRKL,0,,0.0749,0.025,8.431e-05
MTPSLSAFLSSVILAVVVIVVPISAALVFVSTTDKIVRS,0,,0.0304,0.03125,9.944e-05
MTQFLGALLLTGVLGYIPYKYLTMIGLVSEKKQGYQYSCIIDFFLLKHV,1,,0.0009,0.19375,0.04290858
MTQIKVPTALIASVHGEGQHLFEPMAARCTCTTIISSSSTF,1,,0.085,0.1541666666666666,0.00455403
MTTFLGNPVTFTGSQLQVGDTAHDFSLTTPNLEKKSLADFAGKKKVLSVI,1,,0.0296,0.1520833333333333,0.3459572
MVEYKCLNCKKIIKLEELGKRARCPHCSYKILVKLRPKVVKHVKAR,0,,0.8601,0.025,0.05551936
MVIFQLEYPLHHLVLFEVDADQPHEHEHDLILMGPFYLQQHRQTN,0,,0.0027,0.10625,0.00025193
MVKRTYQPNKRKHSKVHGFRKRMSTKNGRKVLARRRRKGRKVLSA,1,,0.9982,0.00625,2.862e-05
MVLNDKVYENISPQTLACWFMDDGGMNGSHSHGLQFRVSVILK,0,,0.005,0.04375,0.00088869
MVNFTVDQISAIMDKKANISNMSVIARVDDGKSTL,0,,0.0003,0.0625,3.84e-06
MVNWELLKNPINWLIVILMLTIAGMAATLVCNHFGKNAVTSE,0,,0.9999,0.046875,0.00088541
MVQCVRHFVLPRLKKDAGLPFFFPLITHSQPLNRGAFFCPGVRR,0,,1.0,0.125,8.3e-07
MVRLLAKLLRSTIHGSNGVSLDAVSSTHGTPGFQTPDARVISRFGFN,1,,0.0497,0.19375,7.449e-05
MVRRFLVTLRIRRACGPPRVRVFVVHIPRLTGEWAAP,1,,0.7396,0.1125,3.24e-06
MVSAAKVALKVGWGLVKKYYTKVMQFIG,1,,1.0,0.484375,0.5352547
MYPYLSMLYASYVIKDPENYPLEKVPALIREDVEKIVEEMAKKNEKQG,1,,0.0158,0.075,0.042615
NAAAEIFRIAAVMNGLTLVGVAIGFVLLRIEATVEE,0,0.04,0.0005,0.2292708333333333,0.01460688
NALFILGNIGNNDVNYAFPDRAIEEIRFYVPFITEAVANATREIIR,0,0.02,0.0012,0.6937499999999999,0.6020894
NDRIVYHGCYSDDQCPNECPAILMRCIHSLCVEFIKTDPLFI,1,0.01,0.7489,0.6114583333333334,0.00075839
NDTEYTDCLQHSDCQAYACELPFKPDCLMVEYAPQFFRLACGCV,1,0.149,0.0019,0.646875,0.47026777
NEYHGFVDKANNENKRKKQQGRDDFVVKPNNFANRRRKDDYNENYYDDVD,1,0.168,0.4713,0.625,0.31929135
NHTFEVENSTLNGMDLIERQIKILYAMILQTHADVQ,1,0.089,0.0004,0.603125,0.06132216
NIFEYFLEGGGKNLRIIRKGIHIIKKY,1,0.426,0.0977,0.6654166666666665,0.8052233
NIIDVPCRPCYYRDSSGNCVYDQLGCGA,1,0.089,0.8359,0.5130208333333333,0.00531918
NIMNCQSTFDCPRDMCSHIRDVICIFKKCKCAGGRYMPQVP,1,0.347,0.9998,0.7458333333333333,0.5962239
NKNPMNPMNKNPMNPMNKNPMNPMNKNPMNPM,1,0.505,0.0028,0.715625,0.05350952
NKNSPENSPENKNSPENSPENKNSPENSPENKNSPENSPE,1,0.238,0.0097,0.5677083333333334,0.02624152
NLDDMRQFAELHDIELTVIDNDTRLPSFKDALRWNEVYYGSKR,0,0.02,0.0013,0.20625,0.00403006
NLIQFSNMIQLDRCCETHDNEAEKKGCYPKLTLY,1,0.01,0.0142,0.203125,8.2e-07
NLLQFNKMIKVETGKNAIPFYAF,1,0.05,0.0356,0.2958333333333333,1.4e-07
NLPIVERPVCKDSTRIRITDNMFCAGYKPDEGKRGDACEGDSGGPFVMKS,1,0.168,0.1821,0.759375,0.7463118
NLVQFELLIMKVAKRSGLLSYSA,1,0.109,0.1485,0.2734375,1.21e-06
NLYQFKNMIECAGTRTWIAYVKYGAYTYAYT,1,0.059,0.965,0.5727083333333333,6e-08
NPVLVKDATGSTQFGPVQALGAQYSMWKLK,1,0.109,0.0013,0.5312499999999999,0.0480337
NSASLISSWVDNTNFCCCSHDCATICDDCF,1,0.139,0.6886,0.4095833333333333,0.02619361
NSVHISHQEARGPSFKICVGFLGPRWARGCSTGN,1,0.465,0.998,0.5682291666666667,0.8865488
NTEEGCLPPLSLCTMADDECCHDCILFLCLVSP,1,0.069,0.0008,0.3510416666666666,3.049e-05
NTMRETMDFLKSLFPHASEVVKP,1,0.079,0.0435,0.5190625,0.5465871
NVDFNSESTRRKKKQKEIVDLHNSLRRRVSPTA,1,0.03,0.0163,0.5729166666666667,0.02769986
NWSSLIFSLNLQRRILPKPTRKSRIKNKQKRPRSRTLTAVHDAI,0,0.04,0.9992,0.2244791666666667,0.4945402
NYLHDTVGRLWGPSRAGLLDGLDWMVGDVQSR,1,0.02,0.0051,0.4854166666666666,0.01160994
PAICQRATATLGTVGSNTSGTTEIEAAILL,1,0.178,0.4179,0.4901041666666667,0.13841942
PDKDFIVNPSDLVLDNKAALRDYLRQINEYFAIIGRPRF,1,0.02,0.0012,0.205,0.03185678
PEFLEDPSVLTKEKLKSELVANNVTLPAGEQRKEVYVELYLQHLTALKR,0,0.01,0.007,0.11875,0.53640467
PHAFPFLTPEQKKELSDIAHKIVAPGKGILAADESTG,0,0.01,0.0242,0.5183333333333333,0.0005179
PKDGPSPGGTLMDLSERQEVSSVRSLSST,1,0.223,0.0007,0.4354166666666667,0.03318041
PKKKRKVAGYLLGKINLKALAALAKKIPQMQQNVFQYPGAGMVPQGEANF,1,0.149,0.9972,0.625,0.5477533
PKKKRKVRRRRRRRYSQTSHKLVQLLTTAEQQ,1,0.119,0.0403,0.4802083333333334,0.20558834
PLLVLQAGFFLLTRILTIPQSLDSWWTSLNFLGGTTVCLGQNSQSP,1,0.03,0.2963,0.6033333333333333,0.04845302
PRIKCNTEADCPQRFDNIVECLFGICHFYIK,1,0.03,0.9932,0.4666666666666667,0.5553003
PTITIGGPEYRTIFFDAYLGTSYVIVIKEPAEEFTTISDAVK,0,0.0,0.0021,0.6947916666666666,0.00055468
PVNIYVIMADQGPAHLPVSLAVHTDMLEYVPVSKDEYFQKLKKA,0,0.0,0.0037,0.6537499999999999,0.02903998
PYRPLPDCCRQKTCSCRLYELLHGAGNHAAGILTL,1,0.119,0.9999,0.5932291666666667,0.08915764
QAFQTFKPDWNKIRYDAMKMQTSLGQMKKRFN,1,0.267,0.9861,0.5687499999999999,0.9908821
QAQALLPIASYAGLTVSAPVFAALVTVYGAYALYRYNIRRRENSYPRIR,1,0.079,0.0177,0.5630208333333333,0.42060757
QCADLGEECHTRFCCPGLRCEDLQVPTCLMA,1,0.069,0.0677,0.459375,9.735e-05
QDEGSEATGFLPAAGEKTSGPLGNLAEELNGYSRKKGGFSFRF,1,0.158,0.0862,0.4630208333333333,0.67713225
QDKCKKVYENYPVSKCQLANQCNYDCKLDKHARSGECFYDEKRNLQCICD,1,0.188,0.995,0.8161458333333332,0.98235494
QEFDALLERAKTLLNVHSDQYDDSIRQIVVK,1,0.069,0.0005,0.4829166666666667,0.21393566
QEIENGIHPCKKNEDCNHMCVMPGLPWCHENNLCFCYENAYGNTR,1,0.178,0.8737,0.6697916666666667,0.25699562
QFTNVSCTTSKECWSVCEKLYNTSRGKCMNKKCRCYS,1,0.663,1.0,0.8125,0.7822916
QHSTDYDEEEEDRAKLHLDAR,1,0.05,0.0009,0.065625,6.434e-05
QKDLKVFTCQRDEDCKVACATYGGDPWCFRNVCFCKHYNEGGTLHAELH,1,0.178,0.9917,0.721875,0.716675
QKELVPSKTTTCCGYSPGTMCPSCMCTNTCPPQK,1,0.416,0.9751,0.6587500000000001,0.18357272
QMIVIELGTNPLKSSGIENGAFQGMK,1,0.05,0.0013,0.2848958333333333,0.0715583
QNAEEAAAAVAIPEASEKAQEGPVYSED,1,0.05,0.0012,0.32125,0.00485391
QRSVSNAATRVSRTGRSRWRDVSRNFMRRYQSRVIQGLV,1,0.158,0.0007,0.4791666666666666,0.54285
QSAEEAAAFQAGEVTASLMLIMFKACPCMGPVPSV,1,0.139,0.0313,0.446875,0.15894237
QSLANATAAQQNVLEATYAMVQHVAKGVRILEARVA,1,0.109,0.0021,0.5057291666666666,0.24427776
QTQYTDAPSFSDIPNPIGSENSEKTTMPLW,1,0.099,0.0015,0.4401041666666667,0.00914737
QVKPCRKEHQLCDLIFQNCCRGWYCVVLSCT,1,0.099,0.9826,0.5490625,0.1953107
QWPFQQWAPCTGHWDCPGDRCCFAGYCLETTPSCD,1,0.208,1.0,0.58125,0.04984546
RAAPYGVRLCGREFIRAVIFTCGGSRW,1,0.386,0.9785,0.6166666666666665,0.9503523
RCGQQLRNISPPQRCPSLRQAVQLTHQQQGQ,1,0.307,0.0315,0.6172916666666667,0.4900383
RHHLRHLRRHLRHLLRHLRHHLRHLRRHLRHLL,1,0.604,0.4215,0.7182291666666667,0.9873951
RHNHRFNFRFFFNFRFNTRTN,1,0.554,0.9506,0.6322916666666667,0.763243
RIIEPIAGGPFIVMTWNYPGTIGIIAVDANGHIAVGTSTN,0,0.01,0.0034,0.1875,0.7105549
RKGGPPGGRTYIPCISDDDCIVAQPPYVLLCVNNFCTYFKDDDLPQR,1,0.149,0.082,0.4625,0.3697858
RKKRRRESWVHLPPPVHLPPPGGHHHHHH,1,0.574,0.092,0.4864583333333334,0.98162115
RLCVTSNVALAKCHMMSVFAFSR,1,0.327,0.3289,0.6828125,0.44540203
RLRLRLRLRLRLRLRLKNNKNNKNNKNNKKKKKKKGYK,1,0.317,0.993,0.5602083333333334,0.7828587
RMKQIEDKIEEILSKQYHIENEIARIKKLIGER,1,0.109,0.0236,0.6375,0.88906467
RNKTCNYSSECLFHNCPLGWVMKCFTYFCACSRL,1,0.743,1.0,0.6552083333333333,0.63240594
RPEIKKKNVFSKPGYCPEYRVPCPFVLIPKCRRDKGCKDALKCCFFYCQM,1,0.426,1.0,0.846875,0.9990408
RQGCKIDYDCIKVVCKDGHAARCIMRRCECVEILNPIDLGST,1,0.059,0.9923,0.7916666666666667,0.56625736
RQIKIWFQNRRMKWKKTYADFIASGRTGRRNAI,1,0.248,0.9973,0.5495833333333333,0.6755355
RRPKGRGKRRREKQRPTDCHLCGDAVPRR,1,0.317,0.936,0.5347916666666668,0.6442109
RRQRRTSKLMKRRRWVRRVRRVWRVVRVVRRWVRR,1,0.297,1.0,0.6322916666666667,0.962844
RRRQRRKRGGDIMGEWGNEIFGAIAGFLG,1,0.347,0.9907,0.4239583333333334,0.89992386
RRRRRRRRHPTESGSTVTTQNSAAQTMS,1,0.337,0.0161,0.47,0.16965903
RRRRRRRRSLVSSDESSSGSSHSSGEHS,1,0.406,0.003,0.3691964285714285,0.02810111
RRVSRRFMRRSGSGSGSGQQMVQQSGQQFS,1,0.406,0.0048,0.5989583333333334,0.50645864
RSAQGMGKMERLLASYRGALEPSTPLGDLSGSLGHPVE,1,0.02,0.0005,0.5795833333333333,0.43066496
RSIRAQRHTDMPKTQKEVHLKNTSRGSAGNKTYRM,1,0.099,0.0211,0.7630208333333334,0.2618
RSKRCLVYGTPCDWLTIAGMECCSKKCFMMCW,1,0.723,0.9947,0.6372916666666667,0.3244488
RSLPEVLRARTVESSQEQTHSAPASPAHQDISRVSRL,1,0.079,0.005,0.7083333333333334,0.32143512
RSNFDEKPKYRIERCERVRGFCKTFCDDDEYDYGYCVRWRKQCCI,1,0.277,1.0,0.809375,0.99780273
RTVGGMATHWTCACPTPHDEERVNNPVDK,1,0.178,0.9932,0.4499404761904761,0.33082327
RVGPCDQVCSRIDAEKDECCRAHGYSGYNSCRGGRMDC,1,0.436,0.7832,0.8414583333333333,0.8211504
RVSEEWMDGFIRMCGREYARELIKICGASVGRLAL,1,0.04,0.0222,0.7875,0.9651491
RVTLSSKPQALATPNKEEHGKRKKKGKGLGKKRDPCLRKYKDFCIHGECK,1,0.0,0.9998,0.6259375,0.8949989
SAFTVWSGPGCNNRAERYSKCGCSAIHQKGGYDFSYTGQTAALYNQAGCS,1,0.416,0.9896,0.815625,0.840354
SANSNPAMAPRERKAGCKNFFWKTFTSC,1,0.307,0.041,0.328125,0.00500156
SASRALSDKPLAHVVANPQVEGQLQWL,1,0.079,0.0001,0.4416666666666666,0.299821
SATVELYSNLAAKGLAVEFTSTSLKAALLNILSVDGVPATTAK,0,0.02,0.0012,0.8006249999999999,0.0027486
SDECVKVSDCSPTKYCLPGRRMICSKGKCKCLRNMFIPIPE,1,0.347,0.9994,0.5458333333333333,0.55527514
SDGRNAARKAFGCCDLIPCLERYGNRCNEVH,1,0.109,0.2344,0.41875,0.06756167
SEALAVDGAGKPGAEEAQDPEGKGEQEHSQQKEEEEEMAVVPQGLFRG,1,0.04,0.014,0.505,0.15746978
SEFIFTKKLTSCDSSKDCRSFLCYSPKFPVCKRGICECI,1,0.396,0.9997,0.7515625,0.9847118
SEGTSCYIYHGVYGICKAKCAEDMKAMAGMGVCEGDLCCYKTPW,1,0.228,1.0,0.725,0.8980522
SETDSRKEGRMGQKNAVIRQWCENDCNYAPK,1,0.099,0.0921,0.503125,0.00261095
SGKSFKAGVCPPKKSAQCLRYKKPECQSDWQCPGKKR,1,0.228,0.9997,0.6302083333333334,0.49143916
SGSKTANIGDGCFGVPIDHIGSTSGMGCGSPRPKPTPGGS,1,0.05,0.421,0.1802083333333333,0.35742375
SGSWLRDDWDWECTVLTDDKTWLQSKLDYKD,1,0.158,0.0017,0.4777083333333333,0.10277797
SITNEQILDAIADMSVMQVVELIEAMEEKFGVSAAAAV,0,0.02,0.0006,0.4740624999999999,0.00989901
SKFELVNYASGCSCGADCKCASETECKCASKK,1,0.208,0.9996,0.4807291666666666,0.00062169
SLALAGTIIEGASLTFSVLTTILDALGSVSRKIDVGVYNE,1,0.05,0.0021,0.2125,0.04816313
SLIEFGKMITEETNRPVFPYEATIVVCDCGNGNGS,1,0.02,0.0003,0.5192708333333333,0.00052911
SLPDAPPCLFTPECPPDMCPTDLTLKCINLSCQCTIEYDIDPDVVPS,1,0.069,0.0587,0.64375,0.3294912
SLTPDQILSAQKANLETLFGLTSKAFEGVEKLVELNVTASRAALTE,0,0.03,0.0027,0.6588541666666666,0.10346805
SNFDCCLGYTDRILHPKFIVGFTRQLANEGCDINAIIFHTKKKLSVCANP,1,0.109,0.4242,0.8854166666666667,0.99834335
SNGRNAAADDKPSDWIALAIKQCCANPPCKHVNCR,1,0.277,0.9996,0.4583333333333333,0.00258809
SPTISITAPIDVLRKTWEQERARKQMVKNREFLNSLN,0,0.059,0.0073,0.1920833333333333,0.23293138
SQEPPISLDLTFHLLREVLEMTKADQLAQQAHNNRKLLDIA,1,0.02,0.0007,0.5135416666666667,0.02069946
SQGSTLRVQQRPQNSKVTHISSCFGHKIDRIGSVSRLGCNALKLL,1,0.168,0.1065,0.6507291666666667,0.92068577
SQGVVESMNKELPKIIGQVRDQAEHLKTAY,1,0.03,0.2193,0.525,0.03513761
SQKGVYASQRSFVPSWFRKIFRN,1,0.475,0.0228,0.5973958333333333,0.32165864
SRCFPPGIYCTPYLPCCWGICCDTCRNVCHLRI,1,0.366,1.0,0.5510416666666667,0.05608959
SRTVRKTSRLWSSLSLNTCNNVHSKS,1,0.317,0.0027,0.6718749999999999,0.49132043
SSESFTLLEQWNNWKLQLAEQWLEQINEKHYLEDIS,1,0.109,0.0003,0.4770833333333334,0.28106976
SSRRCVRLHESCLGQQVPCCDPCATCYCRFFNAFCYCRKLGTAMNPCSRT,1,0.525,1.0,0.684375,0.40902853
SVLEIGLMLQEETEKNPKTSYSI,1,0.02,0.0068,0.156875,0.00013037
SYIITTPRMWVAGSPAQVRTYVMPYGCGEQNMVNFAPN,0,0.059,0.0112,0.2760416666666667,0.07949974
SYSMEHFRWGKPIGHKRRPIKVYASSLEGGDSSEGTFPLQA,1,0.218,0.0922,0.534375,0.23300163
TAMRAVDKLLLHLKKLFREGQFNRNFESIIICRDRT,1,0.297,0.0081,0.55625,0.93244725
TCRYLLVRSLQTFSQAWFTCRRCYRGNLVSIHNFNINYRI,1,0.337,0.0367,0.740625,0.64813805
TCSIPYEYSNGKLKRTLYYSNGVYANSFTENN,1,0.248,0.0061,0.6484375,0.01623388
TGPQTTCQASTCEAGCKQIGKSMKSCQGDTCECA,1,0.228,0.9994,0.4052083333333333,0.01010327
TICTGADRPCAACCPCCPGTSCQGPESNGVVYCRNF,1,0.129,0.9991,0.6052083333333333,0.11960473
TICYNHLTIRSEVTEICIICDDDYYF,1,0.01,0.0001,0.5786458333333334,1.534e-05
TKITEEEKNRLNFLKKISQRYQKFALPQYLKTVYQHQK,1,0.188,0.9912,0.653125,0.80436766
TKKIELKRFVDAFVKKSYENYILERELKKLIKAINEELPTK,1,0.069,0.0051,0.5848958333333333,0.45781913
TMCYSHTTTSRAILTNCGENSCYRKSRVHP,1,0.505,0.0042,0.5645833333333333,0.0375734
TNCFLYLARTAIHRALISKRMEGHCEAECLTFEVKIGGCRAELAPFCCKN,1,0.0,0.9926,0.8703125,0.9804207
TPELFRSRSPPGRKKGSKRHKPGSYSVIALGKPGVKKSPYMEAL,1,0.238,0.8271,0.720625,0.7929241
TPVLASVAVSMELLPTASVLYSDVAGCFKYSAKHHC,1,0.228,1.0,0.7031250000000001,0.8159857
TQAQLLRVGCVLGTCQVQNLSHRLWQLMGPAGRQDSAPVDPSSPHSY,1,0.01,0.9928,0.5328125,0.77562666
TRCYKFGGFCHYNICPGNSRFMSNCHPENLRCCKN,1,0.545,0.9998,0.484375,0.95960486
TRSAWLDSGVTGSGLEGDHLSDTSTTSLELDSR,1,0.109,0.001,0.41125,0.01008741
TSITLQVRLPLLTRLLNTQIYRVDSISYNIQNREWY,1,0.168,0.0362,0.5895833333333333,0.3165099
TTTVQYDPSEQYQPYPEQQEPFVQQQPPFVQQQQPFVQQQEPF,0,0.069,0.0138,0.1572916666666666,0.00148446
TTWEAWDRAIAEYAARIEALLRALQE,1,0.089,0.0007,0.4877083333333333,0.20229983
TVKTKDRSLSAQYEHTIVVTDNGCEILTLRKDDTIPAIISHNE,0,0.01,0.0015,0.6514583333333334,0.01517906
TYDAYDECQTELDCPKNIDCVYPKSMKCIDKKCICVGARMIIPRVL,1,0.02,0.7002,0.690625,0.5458678
TYGIYDAKPPFSCAGLRGGCVLPPNLRPKFKE,1,0.347,0.9818,0.4901041666666666,0.643503
VDEECNEYCDDRNKECCGRTNGHPRCANVCF,1,0.129,0.2615,0.6625,0.03781066
VDKRRPIWVMLLSSYWQDGNSLGVDAIMTNYPEDVK,1,0.02,0.0003,0.2598958333333333,0.17088687
VDQHQKAMKPWTQPKTNAIPYVRYL,1,0.475,0.7329,0.7145833333333333,0.17215122
VETMYTVIYKNAVESEPALEGGSFLTDAPKTDGLKLMTFGTRVF,1,0.01,0.0083,0.775,0.0634627
VGRFKRFRKKLKRLWHKVGPFVGPILHYG,1,0.901,1.0,0.7220982142857142,0.9997365
VHNFNNLWVGGNGCIPDATACNPTRTSVAYALK,1,0.317,0.9998,0.4979166666666666,0.08359192
VHRQFENRDHTVYVLWNKEQVNTFIRMVGGTFGD,1,0.089,0.0003,0.5697916666666666,0.1522637
VIEPKCYKYEGKKCPPDINPVCGTDKRTYYNECALCVFIRQSTKKADKAI,1,0.168,0.9981,0.8375,0.9831344
VKIIQRILQVRYPANPQNVEVAVNSKSATVSAE,1,0.069,0.0019,0.5057291666666667,0.89953834
VKRALSALKPKNKRFIGGIISFFKRLFG,1,0.832,1.0,0.8666666666666668,0.92672354
VLGKGVSKETEKALEKYVHYSEENSRIMEKVRLNSGQISEDKAKKTFEN,1,0.04,0.1048,0.6,0.9828707
VLKNKVYAGHVWSYTGREFEKGSPLASKKPIKKVFGG,1,0.455,0.9822,0.721875,0.86774856
VLPFPAIPLSRRRACVAAPRPRSRQRAS,1,0.446,0.9831,0.7407291666666665,0.96571773
VMGTVKDLLIGAGKSAAQSVLKSLSCKISNDC,1,0.693,1.0,0.6854166666666667,0.9999734
VNDCIRIHCKDDFDCIENRLQVGCRLQREKPRCVNLVCRCLRR,1,0.168,0.9844,0.7214583333333333,0.9837671
VNIGVNYGMLGNSYPTGPETERHFGLNPDTLHVVRHAQGFHNLA,0,0.05,0.0012,0.625,0.63565016
VNINILQQIGYIKQQVRQLSYYS,1,0.248,0.012,0.6083333333333333,0.1969715
VQETQKLAKTVGANLEETNKKLAPQIKSAYDDFVKQAQEVQKKLHEAASK,1,0.109,0.9481,0.759375,0.9743624
VQTSHQSNKAMEHVKQIPSLGVVVPRVLSSKTF,0,0.059,0.0012,0.6651041666666667,0.02412891
VRCLEKSGAQPNKLFRPPCCQKGPSFARHSRCVYYTQSRE,1,0.495,0.8315,0.6713541666666667,0.5771965
VRIWFCASRTCSAPADCNPCTCESGVCVDWL,1,0.297,0.9996,0.5365624999999999,0.00418341
VRTEEVGSFDSPVGEHQQPGGESMHLP,1,0.079,0.013,0.5479166666666667,0.00632405
VSAPNNIFHKGMRVIVTKADRDDVRLGLHGDTIATVVGVH,1,0.228,0.0008,0.6645833333333333,0.89215624
VSDRLRWCVPSGEVCRRYEFVGCCSGKCFFVCS,1,0.436,1.0,0.815625,0.84109634
VSEACEESCEEEEKHCCHENNGVYTCLRYCW,1,0.168,0.4893,0.4021875,0.03939193
VSKLAQSCSEDFECYIKNPHAPFGQLRCFEGYCQRLDKPT,1,0.079,0.8267,0.80625,0.5647259
VSWGEGCDRDGKYGFYTHVFRLKKWIQKVIDQFGE,1,0.228,0.7299,0.6020833333333333,0.6497617
VTLSLDVPTNIMNILFNIAKAKNLRAKAAANAHLMAQI,1,0.198,0.5554,0.559375,0.19985285
VTVVQYRSTNASSGYLNLRVYLLDTGLR,1,0.03,0.0011,0.596875,0.00417717
VYPFPGPIHNSLPQNIPPLTQT,1,0.267,0.1129,0.631875,0.5757284
WASRELERFAVNPGLLETSEGCRQIL,1,0.01,0.0002,0.4515625000000001,0.06798427
WATIDECEETCNVTFKTCCGPPGDWQCVEACPV,1,0.069,0.3629,0.21875,0.00849457
WFGHEECTYWLGPCEVDDTCCSASCESKFCGLW,1,0.149,0.9371,0.540625,0.03503993
WFSRTVHNVGNAVRKGIHAGQGVCSGLGL,1,0.822,1.0,0.7052083333333334,0.9921218
WKRLWPARILAGHSRRRMRWMVVWRYFAAT,1,0.803,0.7209,0.7270833333333333,0.6858348
WLNALLHHGLNCAKGVLAWLNALLHHGLNCAKGVLA,1,0.416,1.0,0.7989583333333333,0.999722
WNPFKKIANRNCYPKTTCETAGGKKTCKDFSCCQIVLFGKKTRAKCTVVT,1,0.495,1.0,0.8,0.99971086
WSTIVKLTICPTLKSMAKKCEGSIATMIKKKCDK,1,0.129,1.0,0.650625,0.7141274
WVPAFCQAVGWGDPITHWSH,1,0.248,0.0637,0.4058333333333332,0.9927198
WYKHVASPRYHTVGRASGLLMGLRRSPYLW,1,0.535,0.9997,0.7619791666666667,0.6035409
YAEGTFISDYSIAMDKIRQQDFVNWLLAQKGKKSDWKHNITQ,1,0.05,0.0393,0.159375,0.10837717
YFAADGSVVPSISDWNLWVPLGILGIPTIWIALTYR,0,0.01,0.0706,0.4786458333333334,0.22511955
YGGFLRRIRPKLKWDNQKRYGGFLRRQFKVVT,1,0.614,1.0,0.5021875,0.19271193
YGGFMKSWDERSQKPLLTLFKNVINKEHQKKDQ,1,0.337,0.0582,0.3402083333333333,0.08273258
YGNFPTCSETGEDCSAMHCCRSMTCRNNICAD,1,0.109,0.9628,0.425625,0.00290229
YGRKKRRQRRRDPYHATSGALSPAKDCGSQKYAYFNGCSSPTLSPMSP,1,0.257,0.9892,0.628125,0.60578334
YKCNIDVDCPITPSPKFKWKCINKRCLYIRFDEIWTSDPRE,1,0.168,0.9986,0.434375,0.27629262
YLAFRCGRYSPCLDDGPNVNLYSCCSFYNCHKCLARLENCPKGLHYNAYL,1,0.079,0.9988,0.5140625,0.82099414
YLCAGRNDCIIAIKFEEKTAQHAAIENVFRLE,1,0.079,0.0119,0.378125,0.05430124
YLFVMTNRMKLLNYSFEGLPNLKKLDEIMRQHPAVKRVLEQEGAPHTLTD,0,0.089,0.0101,0.5547916666666667,0.58465403
YQNPRLGPTGELDPATQPIVAVHNPVIV,1,0.05,0.0005,0.35625,0.00149734
YRQSMNQGSRSTGCRFGTCTMQKLAHQIYQFTDKDKDGMAPRNKISPQGY,1,0.248,0.9989,0.7125,0.98907155
YSELTNIFGDNIGSLQEKGIKLQGIASLYRTNITEI,1,0.02,0.0018,0.3759375,0.07993256
YTSVITIELSNIKENKCNGTDAKVKLIKQELDKYKNAVTELQLLMQST,1,0.059,0.0413,0.4208333333333334,0.01196714
YVISAIPPTLTSKIHFRPELPSERNQLIQRLPMGAIIKCMMYYKEA,0,0.03,0.0009,0.14375,0.13546184
YVWCETVEDCFKSQYFIFDCINNQCINVGKNPKEPRYPGIPRDQ,1,0.079,0.9968,0.39375,0.9661226
YYYKCFKDSDCVKLLCRIPLRPKCMYRHICKCKVVLTQNNYVLT,1,0.228,0.9998,0.6078125,0.7282656
